{
  "MovingDown": {
    "Frame0": [ 1.0, 547.0, 485.20001220703125, 1.0 ],
    "Frame1": [ 486.20001220703125, 547.0, 970.4000244140625, 1.0 ],
    "Frame2": [ 971.4000244140625, 547.0, 1455.5999755859375, 1.0 ],
    "Frame3": [ 1456.5999755859375, 547.0, 1940.800048828125, 1.0 ],
    "NumFrames": 4,
    "Repeating": true,
    "SecsPerFrame": 0.07999999821186066
  },
  "MovingLeft": {
    "Frame0": [ 1.0, 1094.0, 485.20001220703125, 549.0 ],
    "Frame1": [ 486.20001220703125, 1094.0, 970.4000244140625, 548.0 ],
    "Frame2": [ 971.4000244140625, 1094.0, 1455.5999755859375, 548.0 ],
    "Frame3": [ 1456.5999755859375, 1094.0, 1940.800048828125, 548.0 ],
    "NumFrames": 4,
    "Repeating": true,
    "SecsPerFrame": 0.07999999821186066
  },
  "MovingRight": {
    "Frame0": [ 1.0, 1641.0, 485.20001220703125, 1095.0 ],
    "Frame1": [ 486.20001220703125, 1641.0, 970.4000244140625, 1095.0 ],
    "Frame2": [ 971.4000244140625, 1641.0, 1455.5999755859375, 1095.0 ],
    "Frame3": [ 1456.5999755859375, 1641.0, 1940.800048828125, 1095.0 ],
    "NumFrames": 4,
    "Repeating": true,
    "SecsPerFrame": 0.07999999821186066
  },
  "MovingUp": {
    "Frame0": [ 1941.800048828125, 547.0, 2426.0, 1.0 ],
    "Frame1": [ 1941.800048828125, 1094.0, 2426.0, 548.0 ],
    "Frame2": [ 1941.800048828125, 1641.0, 2426.0, 1095.0 ],
    "Frame3": [ 1941.800048828125, 2188.0, 2426.0, 1642.0 ],
    "NumFrames": 4,
    "Repeating": true,
    "SecsPerFrame": 0.07999999821186066
  }
}