{

  "Dash_Left": {
    "Frame0": [ 1.0, 155.0, 71.0, 1.0 ],
    "Frame1": [ 73.0, 155.0, 143.0, 1.0 ],
    "Frame2": [ 145.0, 155.0, 215.0, 1.0 ],
    "Frame3": [ 217.0, 155.0, 287.0, 1.0 ],
    "Frame4": [ 289.0, 155.0, 359.0, 1.0 ],
    "NumFrames": 5,
    "Repeating": false,
    "SecsPerFrame": 0.25
  },
  "Dash_Right": {
    "Frame0": [ 361.0, 155.0, 431.0, 1.0 ],
    "Frame1": [ 433.0, 155.0, 503.0, 1.0 ],
    "Frame2": [ 505.0, 155.0, 575.0, 1.0 ],
    "Frame3": [ 577.0, 155.0, 647.0, 1.0 ],
    "Frame4": [ 649.0, 155.0, 719.0, 1.0 ],
    "NumFrames": 5,
    "Repeating": false,
    "SecsPerFrame": 0.25
  },
  "Falling_Left": {
    "Frame0": [ 2593.0, 155.0, 2663.0, 1.0 ],
    "Frame1": [ 2665.0, 155.0, 2735.0, 1.0 ],
    "Frame2": [ 2737.0, 155.0, 2807.0, 1.0 ],
    "Frame3": [ 2809.0, 155.0, 2879.0, 1.0 ],
    "NumFrames": 4,
    "Repeating": false,
    "SecsPerFrame": 0.15000000596046448
  },
  "Falling_Right": {
    "Frame0": [ 2881.0, 155.0, 2951.0, 1.0 ],
    "Frame1": [ 2953.0, 155.0, 3023.0, 1.0 ],
    "Frame2": [ 3025.0, 155.0, 3095.0, 1.0 ],
    "Frame3": [ 3097.0, 155.0, 1299.0, 1.0 ],
    "NumFrames": 4,
    "Repeating": true,
    "SecsPerFrame": 0.23000000417232513
  },
  "Flinch_Left": {
    "Frame0": [ 3169.0, 155.0, 3239.0, 1.0 ],
    "Frame1": [ 3241.0, 155.0, 3311.0, 1.0 ],
    "Frame2": [ 3313.0, 155.0, 3383.0, 1.0 ],
    "Frame3": [ 3385.0, 155.0, 3455.0, 1.0 ],
    "Frame4": [ 3457.0, 155.0, 3527.0, 1.0 ],
    "Frame5": [ 3529.0, 155.0, 3599.0, 1.0 ],
    "Frame6": [ 3601.0, 155.0, 3671.0, 1.0 ],
    "Frame7": [ 3673.0, 155.0, 3743.0, 1.0 ],
    "Frame8": [ 3745.0, 155.0, 3815.0, 1.0 ],
    "NumFrames": 9,
    "Repeating": true,
    "SecsPerFrame": 0.15000000596046448
  },
  "Flinch_Right": {
    "Frame0": [ 3817.0, 155.0, 3887.0, 1.0 ],
    "Frame1": [ 3889.0, 155.0, 3959.0, 1.0 ],
    "Frame2": [ 3961.0, 155.0, 4031.0, 1.0 ],
    "Frame3": [ 4033.0, 155.0, 4103.0, 1.0 ],
    "Frame4": [ 4105.0, 155.0, 4175.0, 1.0 ],
    "Frame5": [ 4177.0, 155.0, 4247.0, 1.0 ],
    "Frame6": [ 4249.0, 155.0, 4319.0, 1.0 ],
    "Frame7": [ 4321.0, 155.0, 4391.0, 1.0 ],
    "Frame8": [ 4393.0, 155.0, 4463.0, 1.0 ],
    "NumFrames": 9,
    "Repeating": true,
    "SecsPerFrame": 0.15000000596046448
  },
  "Death_Right": {
    "Frame0": [ 1657.0, 155.0, 1727.0, 1.0 ],
    "Frame1": [ 2017.0, 155.0, 2087.0, 1.0 ],
    "Frame2": [ 2089.0, 155.0, 2159.0, 1.0 ],
    "Frame3": [ 2161.0, 155.0, 2231.0, 1.0 ],
    "Frame4": [ 2233.0, 155.0, 2303.0, 1.0 ],
    "Frame5": [ 2305.0, 155.0, 2375.0, 1.0 ],
    "Frame6": [ 2377.0, 155.0, 2447.0, 1.0 ],
    "Frame7": [ 2449.0, 155.0, 2519.0, 1.0 ],
    "Frame8": [ 2521.0, 155.0, 2591.0, 1.0 ],
    "Frame9": [ 1729.0, 155.0, 1799.0, 1.0 ],
    "Frame10": [ 1801.0, 155.0, 1871.0, 1.0 ],
    "Frame11": [ 1873.0, 155.0, 1943.0, 1.0 ],
    "Frame12": [ 1945.0, 155.0, 2015.0, 1.0 ],
    "NumFrames": 13,
    "Repeating": true,
    "SecsPerFrame": 0.15000000596046448
  },
  "Death_Left": {
    "Frame0": [ 721.0, 155.0, 791.0, 1.0 ],
    "Frame1": [ 1081.0, 155.0, 1151.0, 1.0 ],
    "Frame2": [ 1153.0, 155.0, 1223.0, 1.0 ],
    "Frame3": [ 1225.0, 155.0, 1295.0, 1.0 ],
    "Frame4": [ 1297.0, 155.0, 1367.0, 1.0 ],
    "Frame5": [ 1369.0, 155.0, 1439.0, 1.0 ],
    "Frame6": [ 1441.0, 155.0, 1511.0, 1.0 ],
    "Frame7": [ 1513.0, 155.0, 1583.0, 1.0 ],
    "Frame8": [ 1585.0, 155.0, 1655.0, 1.0 ],
    "Frame9": [ 793.0, 155.0, 863.0, 1.0 ],
    "Frame10": [ 865.0, 155.0, 935.0, 1.0 ],
    "Frame11": [ 937.0, 155.0, 1007.0, 1.0 ],
    "Frame12": [ 1009.0, 155.0, 1079.0, 1.0 ],
    "NumFrames": 13,
    "Repeating": true,
    "SecsPerFrame": 0.15000000596046448
  },
  "Idle_Right": {
    "Frame0": [ 5041.0, 155.0, 5111.0, 1.0 ],
    "Frame1": [ 5113.0, 155.0, 5183.0, 1.0 ],
    "Frame2": [ 5185.0, 155.0, 5255.0, 1.0 ],
    "Frame3": [ 5257.0, 155.0, 5327.0, 1.0 ],
    "Frame4": [ 5329.0, 155.0, 5399.0, 1.0 ],
    "Frame5": [ 5401.0, 155.0, 5471.0, 1.0 ],
    "Frame6": [ 5471.0, 155.0, 5543.0, 1.0 ],
    "Frame7": [ 5545.0, 155.0, 5615.0, 1.0 ],
    "NumFrames": 8,
    "Repeating": true,
    "SecsPerFrame": 0.15000000596046448
  },
  "Idle_Left": {
    "Frame0": [ 4465.0, 155.0, 4535.0, 1.0 ],
    "Frame1": [ 4537.0, 155.0, 4607.0, 1.0 ],
    "Frame2": [ 4609.0, 155.0, 4679.0, 1.0 ],
    "Frame3": [ 4681.0, 155.0, 4751.0, 1.0 ],
    "Frame4": [ 4753.0, 155.0, 4823.0, 1.0 ],
    "Frame5": [ 4825.0, 155.0, 4895.0, 1.0 ],
    "Frame6": [ 4897.0, 155.0, 4967.0, 1.0 ],
    "Frame7": [ 4969.0, 155.0, 5039.0, 1.0 ],
    "NumFrames": 8,
    "Repeating": true,
    "SecsPerFrame": 0.15000000596046448
  },
  "Jump_Begin_Left": {
    "Frame0": [ 5617.0, 155.0, 5687.0, 1.0 ],
    "Frame1": [ 5689.0, 155.0, 5759.0, 1.0 ],
    "Frame2": [ 5761.0, 155.0, 5831.0, 1.0 ],
    "Frame3": [ 5833.0, 155.0, 5903.0, 1.0 ],
    "Frame4": [ 5905.0, 155.0, 5975.0, 1.0 ],
    "Frame5": [ 5977.0, 155.0, 6047.0, 1.0 ],
    "NumFrames": 6,
    "Repeating": false,
    "SecsPerFrame": 0.15
  },
  "Jump_Begin_Right": {
    "Frame0": [ 6265.0, 155.0, 6335.0, 1.0 ],
    "Frame1": [ 6337.0, 155.0, 6407.0, 1.0 ],
    "Frame2": [ 6409.0, 155.0, 6479.0, 1.0 ],
    "Frame3": [ 6481.0, 155.0, 6551.0, 1.0 ],
    "Frame4": [ 6553.0, 155.0, 6623.0, 1.0 ],
    "Frame5": [ 6625.0, 155.0, 6695.0, 1.0 ],
    "NumFrames": 6,
    "Repeating": false,
    "SecsPerFrame": 0.15
  },
  "Jump_End_Right": {
    "Frame0": [ 6697.0, 155.0, 6767.0, 1.0 ],
    "Frame1": [ 6769.0, 155.0, 6839.0, 1.0 ],
    "Frame2": [ 6841.0, 155.0, 6911.0, 1.0 ],
    "NumFrames": 3,
    "Repeating": false,
    "SecsPerFrame": 0.1499999940395355
  },
  "Jump_End_Left": {
    "Frame0": [ 6049.0, 155.0, 6119.0, 1.0 ],
    "Frame1": [ 6121.0, 155.0, 6191.0, 1.0 ],
    "Frame2": [ 6193.0, 155.0, 6263.0, 1.0 ],
    "NumFrames": 3,
    "Repeating": false,
    "SecsPerFrame": 0.1499999940395355
  },

  "Run_Left": {
    "Frame0": [ 6913.0, 155.0, 6983.0, 1.0 ],
    "Frame1": [ 6985.0, 155.0, 7055.0, 1.0 ],
    "Frame2": [ 7057.0, 155.0, 7127.0, 1.0 ],
    "Frame3": [ 7129.0, 155.0, 7199.0, 1.0 ],
    "Frame4": [ 7201.0, 155.0, 7271.0, 1.0 ],
    "Frame5": [ 7273.0, 155.0, 7343.0, 1.0 ],
    "NumFrames": 6,
    "Repeating": true,
    "SecsPerFrame": 0.118
  },
  "Run_Right": {
    "Frame0": [ 7345.0, 155.0, 7415.0, 1.0 ],
    "Frame1": [ 7417.0, 155.0, 7489.0, 1.0 ],
    "Frame2": [ 7489.0, 155.0, 7559.0, 1.0 ],
    "Frame3": [ 7561.0, 155.0, 7631.0, 1.0 ],
    "Frame4": [ 7633.0, 155.0, 7703.0, 1.0 ],
    "Frame5": [ 7705.0, 155.0, 7775.0, 1.0 ],
    "NumFrames": 6,
    "Repeating": true,
    "SecsPerFrame": 0.118
  },
  "Walk_Left": {
    "Frame0": [ 7777.0, 155.0, 7847.0, 1.0 ],
    "Frame1": [ 7849.0, 155.0, 7921.0, 1.0 ],
    "Frame2": [ 7921.0, 155.0, 7991.0, 1.0 ],
    "Frame3": [ 7993.0, 155.0, 8063.0, 1.0 ],
    "Frame4": [ 8065.0, 155.0, 8137.0, 1.0 ],
    "Frame5": [ 8137.0, 155.0, 8207.0, 1.0 ],
    "NumFrames": 6,
    "Repeating": true,
    "SecsPerFrame": 0.25
  },
  "Walk_Right": {
    "Frame0": [ 8209.0, 155.0, 8279.0, 1.0 ],
    "Frame1": [ 8281.0, 155.0, 8351.0, 1.0 ],
    "Frame2": [ 8353.0, 155.0, 8423.0, 1.0 ],
    "Frame3": [ 8425.0, 155.0, 8495.0, 1.0 ],
    "Frame4": [ 8497.0, 155.0, 8567.0, 1.0 ],
    "Frame5": [ 8569.0, 155.0, 8639.0, 1.0 ],
    "NumFrames": 6,
    "Repeating": true,
    "SecsPerFrame": 0.2540000081062317
  }
}