{
  "Idle_Right": {
    "Frame0": [ 1725.0, 119.0, 1776.0, 1.0 ],
    "Frame1": [ 1778.0, 119.0, 1829.0, 1.0 ],
    "Frame2": [ 1831.0, 119.0, 1882.0, 1.0 ],
    "Frame3": [ 1884.0, 119.0, 1937.0, 1.0 ],
    "Frame4": [ 1937.0, 119.0, 1988.0, 1.0 ],
    "Frame5": [ 1990.0, 119.0, 2041.0, 1.0 ],
    "Frame6": [ 2043.0, 119.0, 2094.0, 1.0 ],
    "Frame7": [ 2096.0, 119.0, 2147.0, 1.0 ],
    "NumFrames": 8,
    "Repeating": true,
    "SecsPerFrame": 0.15000000596046448
  },
  "Dash_Left": {
    "Frame0": [ 1.0, 116.0, 53.0, 1.0 ],
    "Frame1": [ 55.0, 108.0, 111.0, 1.0 ],
    "Frame2": [ 113.0, 113.0, 194.0, 1.0 ],
    "Frame3": [ 196.0, 108.0, 277.0, 1.0 ],
    "Frame4": [ 279.0, 110.0, 363.0, 1.0 ],
    "NumFrames": 5,
    "Repeating": false,
    "SecsPerFrame": 0.25
  },
  "Dash_Right": {
    "Frame0": [ 365.0, 116.0, 416.0, 1.0 ],
    "Frame1": [ 418.0, 107.0, 473.0, 1.0 ],
    "Frame2": [ 475.0, 116.0, 557.0, 1.0 ],
    "Frame3": [ 559.0, 107.0, 639.0, 1.0 ],
    "Frame4": [ 641.0, 112.0, 723.0, 1.0 ],
    "NumFrames": 5,
    "Repeating": false,
    "SecsPerFrame": 0.25
  },
  "Falling_Left": {
    "Frame0": [ 725.0, 119.0, 795.0, 1.0 ],
    "Frame1": [ 797.0, 119.0, 867.0, 1.0 ],
    "Frame2": [ 869.0, 119.0, 939.0, 1.0 ],
    "Frame3": [ 941.0, 119.0, 1011.0, 1.0 ],
    "NumFrames": 4,
    "Repeating": false,
    "SecsPerFrame": 0.15000000596046448
  },
  "Falling_Right": {
    "Frame0": [ 1013.0, 119.0, 1083.0, 1.0 ],
    "Frame1": [ 1085.0, 119.0, 1155.0, 1.0 ],
    "Frame2": [ 1157.0, 119.0, 1227.0, 1.0 ],
    "Frame3": [ 1229.0, 119.0, 1299.0, 1.0 ],
    "NumFrames": 4,
    "Repeating": true,
    "SecsPerFrame": 0.23000000417232513
  },
  "Idle_Left": {
    "Frame0": [ 1301.0, 119.0, 1352.0, 1.0 ],
    "Frame1": [ 1354.0, 119.0, 1405.0, 1.0 ],
    "Frame2": [ 1407.0, 119.0, 1458.0, 1.0 ],
    "Frame3": [ 1460.0, 119.0, 1511.0, 1.0 ],
    "Frame4": [ 1513.0, 119.0, 1564.0, 1.0 ],
    "Frame5": [ 1566.0, 119.0, 1617.0, 1.0 ],
    "Frame6": [ 1619.0, 119.0, 1670.0, 1.0 ],
    "Frame7": [ 1672.0, 119.0, 1723.0, 1.0 ],
    "NumFrames": 8,
    "Repeating": true,
    "SecsPerFrame": 0.15000000596046448
  },
  "Jump_Begin_Left": {
    "Frame0": [ 2149.0, 119.0, 2192.0, 1.0 ],
    "Frame1": [ 2194.0, 108.0, 2247.0, 1.0 ],
    "Frame2": [ 2249.0, 98.0, 2295.0, 1.0 ],
    "Frame3": [ 2297.0, 119.0, 2344.0, 1.0 ],
    "Frame4": [ 2346.0, 115.0, 2395.0, 1.0 ],
    "Frame5": [ 2397.0, 107.0, 2452.0, 1.0 ],
    "NumFrames": 6,
    "Repeating": false,
    "SecsPerFrame": 0.15
  },
  "Jump_Begin_Right": {
    "Frame0": [ 2454.0, 119.0, 2497.0, 1.0 ],
    "Frame1": [ 2499.0, 108.0, 2552.0, 1.0 ],
    "Frame2": [ 2554.0, 98.0, 2600.0, 1.0 ],
    "Frame3": [ 2602.0, 119.0, 2649.0, 1.0 ],
    "Frame4": [ 2651.0, 114.0, 2700.0, 1.0 ],
    "Frame5": [ 2702.0, 107.0, 2757.0, 1.0 ],
    "NumFrames": 6,
    "Repeating": false,
    "SecsPerFrame": 0.15
  },
  "Jump_End_Right": {
    "Frame0": [ 2905.0, 120.0, 2955.0, 1.0 ],
    "Frame1": [ 2957.0, 99.0, 3003.0, 1.0 ],
    "Frame2": [ 3005.0, 107.0, 3049.0, 1.0 ],
    "NumFrames": 3,
    "Repeating": false,
    "SecsPerFrame": 0.1499999940395355
  },
  "Jump_End_Left": {
    "Frame0": [ 2759.0, 120.0, 2809.0, 1.0 ],
    "Frame1": [ 2811.0, 99.0, 2857.0, 1.0 ],
    "Frame2": [ 2859.0, 107.0, 2903.0, 1.0 ],
    "NumFrames": 3,
    "Repeating": false,
    "SecsPerFrame": 0.1499999940395355
  },

  "Run_Left": {
    "Frame0": [ 3051.0, 119.0, 3121.0, 1.0 ],
    "Frame1": [ 3123.0, 119.0, 3193.0, 1.0 ],
    "Frame2": [ 3195.0, 119.0, 3265.0, 1.0 ],
    "Frame3": [ 3267.0, 119.0, 3337.0, 1.0 ],
    "Frame4": [ 3339.0, 119.0, 3409.0, 1.0 ],
    "Frame5": [ 3411.0, 119.0, 3481.0, 1.0 ],
    "NumFrames": 6,
    "Repeating": true,
    "SecsPerFrame": 0.118
  },
  "Run_Right": {
    "Frame0": [ 3483.0, 119.0, 3553.0, 1.0 ],
    "Frame1": [ 3555.0, 119.0, 3625.0, 1.0 ],
    "Frame2": [ 3627.0, 119.0, 3697.0, 1.0 ],
    "Frame3": [ 3699.0, 119.0, 3769.0, 1.0 ],
    "Frame4": [ 3771.0, 119.0, 3841.0, 1.0 ],
    "Frame5": [ 3843.0, 119.0, 3913.0, 1.0 ],
    "NumFrames": 6,
    "Repeating": true,
    "SecsPerFrame": 0.118
  },
  "Walk_Left": {
    "Frame0": [ 3915.0, 119.0, 3975.0, 1.0 ],
    "Frame1": [ 3977.0, 119.0, 4037.0, 1.0 ],
    "Frame2": [ 4039.0, 119.0, 4099.0, 1.0 ],
    "Frame3": [ 4101.0, 119.0, 4161.0, 1.0 ],
    "Frame4": [ 4163.0, 119.0, 4223.0, 1.0 ],
    "Frame5": [ 4225.0, 119.0, 4285.0, 1.0 ],
    "NumFrames": 6,
    "Repeating": true,
    "SecsPerFrame": 0.25
  },
  "Walk_Right": {
    "Frame0": [ 4287.0, 119.0, 4347.0, 1.0 ],
    "Frame1": [ 4349.0, 119.0, 4409.0, 1.0 ],
    "Frame2": [ 4411.0, 119.0, 4471.0, 1.0 ],
    "Frame3": [ 4473.0, 119.0, 4533.0, 1.0 ],
    "Frame4": [ 4535.0, 119.0, 4595.0, 1.0 ],
    "Frame5": [ 4597.0, 119.0, 4657.0, 1.0 ],
    "NumFrames": 6,
    "Repeating": true,
    "SecsPerFrame": 0.2540000081062317
  }
}