{
  "Dash_Left": {
    "Frame0": [ 1.0, 293.0, 141.0, 1.0 ],
    "Frame1": [ 143.0, 293.0, 283.0, 1.0 ],
    "Frame2": [ 285.0, 293.0, 425.0, 1.0 ],
    "Frame3": [ 427.0, 293.0, 567.0, 1.0 ],
    "Frame4": [ 569.0, 293.0, 709.0, 1.0 ],
    "NumFrames": 5,
    "Repeating": false,
    "SecsPerFrame": 0.25
  },
  "Dash_Right": {
    "Frame0": [ 711.0, 293.0, 851.0, 1.0 ],
    "Frame1": [ 853.0, 293.0, 993.0, 1.0 ],
    "Frame2": [ 995.0, 293.0, 1135.0, 1.0 ],
    "Frame3": [ 1137.0, 293.0, 1277.0, 1.0 ],
    "Frame4": [ 1279.0, 293.0, 1419.0, 1.0 ],
    "NumFrames": 5,
    "Repeating": false,
    "SecsPerFrame": 0.25
  },
  "Falling_Left": {
    "Frame0": [ 5113.0, 293.0, 5253.0, 1.0 ],
    "Frame1": [ 5255.0, 293.0, 5395.0, 1.0 ],
    "Frame2": [ 5397.0, 293.0, 5537.0, 1.0 ],
    "Frame3": [ 5539.0, 293.0, 5679.0, 1.0 ],
    "NumFrames": 4,
    "Repeating": true,
    "SecsPerFrame": 0.15000000596046448
  },
  "Falling_Right": {
    "Frame0": [ 5681.0, 293.0, 5821.0, 1.0 ],
    "Frame1": [ 5823.0, 293.0, 5963.0, 1.0 ],
    "Frame2": [ 5965.0, 293.0, 6105.0, 1.0 ],
    "Frame3": [ 6107.0, 293.0, 6247.0, 1.0 ],
    "NumFrames": 4,
    "Repeating": true,
    "SecsPerFrame": 0.23000000417232513
  },
  "Flinch_Left": {
    "Frame0": [ 6249.0, 293.0, 6389.0, 1.0 ],
    "Frame1": [ 6391.0, 293.0, 6531.0, 1.0 ],
    "Frame2": [ 6533.0, 293.0, 6673.0, 1.0 ],
    "Frame3": [ 6675.0, 293.0, 6815.0, 1.0 ],
    "Frame4": [ 6817.0, 293.0, 6957.0, 1.0 ],
    "Frame5": [ 6959.0, 293.0, 7099.0, 1.0 ],
    "Frame6": [ 7101.0, 293.0, 7241.0, 1.0 ],
    "Frame7": [ 7243.0, 293.0, 7383.0, 1.0 ],
    "Frame8": [ 7385.0, 293.0, 7525.0, 1.0 ],
    "NumFrames": 9,
    "Repeating": false,
    "SecsPerFrame": 0.15000000596046448
  },
  "Flinch_Right": {
    "Frame0": [ 7527.0, 293.0, 7667.0, 1.0 ],
    "Frame1": [ 7669.0, 293.0, 7809.0, 1.0 ],
    "Frame2": [ 7811.0, 293.0, 7951.0, 1.0 ],
    "Frame3": [ 7953.0, 293.0, 8093.0, 1.0 ],
    "Frame4": [ 8095.0, 293.0, 8235.0, 1.0 ],
    "Frame5": [ 8237.0, 293.0, 8377.0, 1.0 ],
    "Frame6": [ 8379.0, 293.0, 8519.0, 1.0 ],
    "Frame7": [ 8521.0, 293.0, 8661.0, 1.0 ],
    "Frame8": [ 8663.0, 293.0, 8803.0, 1.0 ],
    "NumFrames": 9,
    "Repeating": false,
    "SecsPerFrame": 0.15000000596046448
  },
  "Gun_Shoot_Left": {
    "Frame0": [ 8805.0, 293.0, 8945.0, 1.0 ],
    "Frame1": [ 8947.0, 293.0, 9087.0, 1.0 ],
    "NumFrames": 2,
    "Repeating": false,
    "SecsPerFrame": 0.3499999940395355
  },
  "Gun_Shoot_Right": {
    "Frame0": [ 9089.0, 293.0, 9229.0, 1.0 ],
    "Frame1": [ 9231.0, 293.0, 9373.0, 1.0 ],
    "NumFrames": 2,
    "Repeating": false,
    "SecsPerFrame": 0.3499999940395355
  },
  "Death_Left": {
    "Frame0": [ 1421.0, 293.0, 1561.0, 1.0 ],
    "Frame1": [ 2131.0, 293.0, 2271.0, 1.0 ],
    "Frame2": [ 2273.0, 293.0, 2413.0, 1.0 ],
    "Frame3": [ 2415.0, 293.0, 2555.0, 1.0 ],
    "Frame4": [ 2557.0, 293.0, 2697.0, 1.0 ],
    "Frame5": [ 2699.0, 293.0, 2839.0, 1.0 ],
    "Frame6": [ 2841.0, 293.0, 2981.0, 1.0 ],
    "Frame7": [ 2983.0, 293.0, 3123.0, 1.0 ],
    "Frame8": [ 3125.0, 293.0, 3265.0, 1.0 ],
    "Frame9": [ 1563.0, 293.0, 1703.0, 1.0 ],
    "Frame10": [ 1705.0, 293.0, 1845.0, 1.0 ],
    "Frame11": [ 1847.0, 293.0, 1987.0, 1.0 ],
    "Frame12": [ 1989.0, 293.0, 2129.0, 1.0 ],
    "NumFrames": 13,
    "Repeating": false,
    "SecsPerFrame": 0.15000000596046448
  },
  "Death_Right": {
    "Frame0": [ 3267.0, 293.0, 3407.0, 1.0 ],
    "Frame1": [ 3977.0, 293.0, 4117.0, 1.0 ],
    "Frame2": [ 4119.0, 293.0, 4259.0, 1.0 ],
    "Frame3": [ 4261.0, 293.0, 4401.0, 1.0 ],
    "Frame4": [ 4403.0, 293.0, 4543.0, 1.0 ],
    "Frame5": [ 4545.0, 293.0, 4685.0, 1.0 ],
    "Frame6": [ 4687.0, 293.0, 4827.0, 1.0 ],
    "Frame7": [ 4829.0, 293.0, 4969.0, 1.0 ],
    "Frame8": [ 4971.0, 293.0, 5111.0, 1.0 ],
    "Frame9": [ 3409.0, 293.0, 3549.0, 1.0 ],
    "Frame10": [ 3551.0, 293.0, 3691.0, 1.0 ],
    "Frame11": [ 3693.0, 293.0, 3833.0, 1.0 ],
    "Frame12": [ 3835.0, 293.0, 3975.0, 1.0 ],
    "NumFrames": 13,
    "Repeating": false,
    "SecsPerFrame": 0.15000000596046448
  },
  "Idle_Left": {
    "Frame0": [ 9373.0, 293.0, 9513.0, 1.0 ],
    "Frame1": [ 9515.0, 293.0, 9655.0, 1.0 ],
    "Frame2": [ 9657.0, 293.0, 9797.0, 1.0 ],
    "Frame3": [ 9799.0, 293.0, 9939.0, 1.0 ],
    "Frame4": [ 9941.0, 293.0, 10081.0, 1.0 ],
    "Frame5": [ 10083.0, 293.0, 10223.0, 1.0 ],
    "Frame6": [ 10225.0, 293.0, 10365.0, 1.0 ],
    "Frame7": [ 10367.0, 293.0, 10507.0, 1.0 ],
    "NumFrames": 8,
    "Repeating": true,
    "SecsPerFrame": 0.15000000596046448
  },
  "Idle_Right": {
    "Frame0": [ 10509.0, 293.0, 10649.0, 1.0 ],
    "Frame1": [ 10651.0, 293.0, 10791.0, 1.0 ],
    "Frame2": [ 10793.0, 293.0, 10933.0, 1.0 ],
    "Frame3": [ 10935.0, 293.0, 11075.0, 1.0 ],
    "Frame4": [ 11077.0, 293.0, 11217.0, 1.0 ],
    "Frame5": [ 11219.0, 293.0, 11359.0, 1.0 ],
    "Frame6": [ 11361.0, 293.0, 11501.0, 1.0 ],
    "Frame7": [ 11503.0, 293.0, 11643.0, 1.0 ],
    "NumFrames": 8,
    "Repeating": true,
    "SecsPerFrame": 0.15000000596046448
  },
  "Jump_Begin_Left": {
    "Frame0": [ 11645.0, 293.0, 11785.0, 1.0 ],
    "Frame1": [ 11787.0, 293.0, 11927.0, 1.0 ],
    "Frame2": [ 11929.0, 293.0, 12069.0, 1.0 ],
    "Frame3": [ 12071.0, 293.0, 12211.0, 1.0 ],
    "NumFrames": 4,
    "Repeating": false,
    "SecsPerFrame": 0.05
  },
  "Jump_Middle_Left": {
    "Frame0": [ 13633.0, 293.0, 13773.0, 1.0 ],
    "Frame1": [ 13775.0, 293.0, 13915.0, 1.0 ],
    "NumFrames": 2,
    "Repeating": false,
    "SecsPerFrame": 0.15
  },
  "Jump_Begin_Right": {
    "Frame0": [ 12213.0, 293.0, 12353.0, 1.0 ],
    "Frame1": [ 12355.0, 293.0, 12495.0, 1.0 ],
    "Frame2": [ 12497.0, 293.0, 12637.0, 1.0 ],
    "Frame3": [ 12639.0, 293.0, 12779.0, 1.0 ],
    "NumFrames": 4,
    "Repeating": false,
    "SecsPerFrame": 0.05
  },
  "Jump_Middle_Right": {
    "Frame0": [ 13917.0, 293.0, 14057.0, 1.0 ],
    "Frame1": [ 14059.0, 293.0, 14199.0, 1.0 ],
    "NumFrames": 2,
    "Repeating": false,
    "SecsPerFrame": 0.15
  },
  "Jump_End_Left": {
    "Frame0": [ 12781.0, 293.0, 12921.0, 1.0 ],
    "Frame1": [ 12923.0, 293.0, 13063.0, 1.0 ],
    "Frame2": [ 13065.0, 293.0, 13205.0, 1.0 ],
    "NumFrames": 3,
    "Repeating": false,
    "SecsPerFrame": 0.059999940395355
  },
  "Jump_End_Right": {
    "Frame0": [ 13207.0, 293.0, 13347.0, 1.0 ],
    "Frame1": [ 13349.0, 293.0, 13489.0, 1.0 ],
    "Frame2": [ 13491.0, 293.0, 13631.0, 1.0 ],
    "NumFrames": 3,
    "Repeating": false,
    "SecsPerFrame": 0.059999940395355
  },
  "Run_Left": {
    "Frame0": [ 14201.0, 293.0, 14341.0, 1.0 ],
    "Frame1": [ 14343.0, 293.0, 14483.0, 1.0 ],
    "Frame2": [ 14485.0, 293.0, 14625.0, 1.0 ],
    "Frame3": [ 14627.0, 293.0, 14767.0, 1.0 ],
    "Frame4": [ 14769.0, 293.0, 14909.0, 1.0 ],
    "Frame5": [ 14911.0, 293.0, 15051.0, 1.0 ],
    "NumFrames": 6,
    "Repeating": true,
    "SecsPerFrame": 0.118
  },
  "Run_Right": {
    "Frame0": [ 15053.0, 293.0, 15193.0, 1.0 ],
    "Frame1": [ 15195.0, 293.0, 15335.0, 1.0 ],
    "Frame2": [ 15337.0, 293.0, 15477.0, 1.0 ],
    "Frame3": [ 15479.0, 293.0, 15619.0, 1.0 ],
    "Frame4": [ 15621.0, 293.0, 15761.0, 1.0 ],
    "Frame5": [ 15763.0, 293.0, 15903.0, 1.0 ],
    "NumFrames": 6,
    "Repeating": true,
    "SecsPerFrame": 0.118
  },
  "Walk_Left": {
    "Frame0": [ 15905.0, 293.0, 16045.0, 1.0 ],
    "Frame1": [ 16047.0, 293.0, 16187.0, 1.0 ],
    "Frame2": [ 16189.0, 293.0, 16329.0, 1.0 ],
    "Frame3": [ 16331.0, 293.0, 16471.0, 1.0 ],
    "Frame4": [ 16473.0, 293.0, 16613.0, 1.0 ],
    "Frame5": [ 16615.0, 293.0, 16755.0, 1.0 ],
    "NumFrames": 6,
    "Repeating": true,
    "SecsPerFrame": 0.25
  },
  "Walk_Right": {
    "Frame0": [ 16757.0, 293.0, 16897.0, 1.0 ],
    "Frame1": [ 16899.0, 293.0, 17039.0, 1.0 ],